Question,Answer,Context
1. What are some budget-friendly destinations for a solo traveler?,"There are many budget-friendly destinations for solo travelers. Some of the popular destinations are:
1. Thailand
2. Bali, Indonesia
3. Budapest, Hungary
4. Prague, Czech Republic
5. Mexico
6. Costa Rica
7. Morocco
8. India
9. Peru
10. Portugal

These destinations offer affordable accommodations, food, and activities, making them ideal for solo travelers on a budget.","{'chat_history': [{'inputs': {'question': 'I have one day in London, what should I do?'}, 'outputs': {'answer': 'You can visit Buckingham Palace.'}}], 'question': ('Generate ', 5, ' different travel questions.')}"
Tell me how to bake a cake.,I am sorry I can only answer travel questions. Can I help you with anything travel-related?,"{'chat_history': [{'inputs': {'question': 'I have one day in London, what should I do?'}, 'outputs': {'answer': 'You can visit Buckingham Palace.'}}], 'question': ('Generate ', 5, ' different travel questions.')}"
3. What are the safest modes of transportation for solo female travelers in Southeast Asia?,"The safest modes of transportation for solo female travelers in Southeast Asia include metered taxis, ride-hailing services like Grab, and reputable private car services. Avoid unmarked or unofficial taxis, motorbike taxis, and hitchhiking, especially if you are traveling alone. It's also a good idea to stay in well-lit areas, avoid traveling alone late at night, and keep your valuables secured at all times.","{'chat_history': [{'inputs': {'question': 'I have one day in London, what should I do?'}, 'outputs': {'answer': 'You can visit Buckingham Palace.'}}], 'question': ('Generate ', 5, ' different travel questions.')}"
4. What are some must-see landmarks in New York City for first-time visitors?,"There are many landmarks in New York City that a first-time visitor should consider visiting. Some of the must-see landmarks include:
- Statue of Liberty
- Empire State Building
- Central Park
- Times Square
- 9/11 Memorial and Museum
- Brooklyn Bridge
- Grand Central Terminal
- Metropolitan Museum of Art
- High Line
- One World Trade Center

These landmarks offer a great opportunity to experience the city's history, architecture, art, and culture.","{'chat_history': [{'inputs': {'question': 'I have one day in London, what should I do?'}, 'outputs': {'answer': 'You can visit Buckingham Palace.'}}], 'question': ('Generate ', 5, ' different travel questions.')}"
5. What is the best time of year to visit the beaches in Bali?,"The best time to visit the beaches in Bali is between April and October, which is the dry season. During this time, you can expect plenty of sunshine, warm temperatures, and low humidity, making it ideal for outdoor activities and enjoying the beaches. The wet season, which runs from November to March, can bring heavy rains, high humidity, and rough seas, so it's best to avoid visiting the beaches during this time.","{'chat_history': [{'inputs': {'question': 'I have one day in London, what should I do?'}, 'outputs': {'answer': 'You can visit Buckingham Palace.'}}], 'question': ('Generate ', 5, ' different travel questions.')}"
